Maureen,Terry,2023-10-05,low,M
Vince,Dietrich,2023-09-27,high,F
Willow,Mraz,2023-08-29,high,F
Max,Miller,2023-08-16,high,M
Dedric,Lind,2023-03-27,high,M
Nikolas,Stamm,2023-08-20,low,M
Antonette,Mills,2023-05-07,high,F
Aubree,Bergnaum,2023-01-13,low,F
Patrick,Robel,2023-10-18,low,F
Heloise,Schulist,2023-06-07,high,M
Gayle,Heidenreich,2023-06-07,high,M
Camden,Prosacco,2023-05-05,high,M
Madelyn,Wisozk,2023-08-24,high,M
Virgie,Langosh,2023-08-16,high,M
Afton,Pouros,2023-05-30,high,M
Donna,Ziemann,2023-02-24,high,F
Elfrieda,Herman,2023-02-17,low,M
Annie,Kirlin,2022-12-19,high,F
Erica,Dietrich,2023-08-26,low,F
Abbie,Considine,2022-11-20,high,M
Yadira,Kulas,2023-09-15,low,F
Etha,Spinka,2023-02-09,high,M
Joshuah,Price,2023-04-07,high,M
Laney,Abshire,2023-10-09,low,F
Viva,Schmitt,2022-12-11,low,M
Felicita,Labadie,2022-11-14,high,F
Russel,Zemlak,2023-08-26,high,F
Jacey,Kohler,2023-07-24,high,M
Marietta,Rutherford,2023-07-30,low,M
Harvey,Lesch,2023-04-12,low,F
Liliane,Nicolas,2023-03-28,low,M
August,Marvin,2023-08-15,low,F
Keon,Hilpert,2023-06-08,low,F
Jammie,Flatley,2022-11-18,low,F
Devin,Dickens,2023-03-18,high,M
Bella,Feil,2023-02-15,high,M
Rod,Conroy,2023-06-17,low,F
Coty,Abbott,2023-01-10,high,F
Margaretta,Stracke,2023-10-25,low,F
Laila,Stehr,2022-12-17,low,M
Doyle,Brown,2023-01-01,high,M
Reese,Reynolds,2023-10-12,low,M
Rodger,Olson,2023-08-22,low,M
Jon,Funk,2023-06-08,low,F
Astrid,Hauck,2023-02-07,low,M
Orpha,Harvey,2023-10-25,low,M
Mercedes,Kassulke,2023-04-18,high,F
Tad,Volkman,2023-02-13,high,M
Ida,Greenholt,2023-09-05,high,M
Weston,Schmitt,2023-08-22,low,F
Alec,Beier,2023-02-02,low,M
Saul,Morissette,2023-05-11,low,F
Santos,Feil,2023-07-06,high,M
Tressa,Upton,2023-01-09,high,M
Kamren,Moen,2023-05-09,low,M
Marcus,Johns,2023-03-13,low,M
Shaylee,Haag,2023-07-09,high,F
Hallie,McGlynn,2023-02-06,low,M
Lucius,Sawayn,2023-03-05,high,M
Meredith,Ratke,2023-04-27,high,F
Theodore,Borer,2023-07-02,high,M
Asha,Johns,2023-05-12,low,F
Rhoda,Mayer,2023-03-16,high,M
Jose,Jaskolski,2023-10-05,high,F
Dorris,Pacocha,2023-06-05,low,F
Jazmin,Becker,2022-12-14,low,M
Rashawn,Stiedemann,2023-07-05,low,M
Tyson,Wisoky,2023-09-16,high,M
Crystal,Hessel,2022-11-23,high,M
Granville,Gislason,2023-10-21,low,F
Santina,West,2022-12-10,low,F
Riley,Sawayn,2023-03-04,high,M
Clement,Batz,2023-03-09,low,M
Ransom,Ratke,2023-01-19,high,M
Vernice,Schoen,2023-08-08,low,M
Tracy,Franecki,2022-12-28,high,M
Emiliano,Rice,2023-09-10,high,M
Meda,Baumbach,2023-03-18,low,M
Easton,Bartell,2023-02-08,low,M
Anika,Corwin,2022-12-22,high,M
Wilhelm,Bednar,2022-12-03,high,M
Annabell,Kreiger,2023-02-18,low,F
Lavern,Gaylord,2023-01-16,high,M
Afton,Bayer,2023-08-27,low,M
Jaeden,Doyle,2022-12-02,low,M
Monte,Schinner,2023-04-08,low,M
Nicola,Frami,2023-03-26,low,F
Heaven,Gutmann,2023-01-01,low,M
Elmer,Wolff,2023-08-05,high,M
Cleora,Ratke,2023-11-02,high,M
Abigayle,Erdman,2023-09-23,high,F
Timmy,Kris,2023-01-09,high,F
Teresa,Koch,2023-07-21,low,M
Hilbert,Carroll,2023-07-10,high,F
Dedrick,Nienow,2023-05-05,low,F
Lesly,Tromp,2023-07-03,low,M
Marisol,Raynor,2023-02-11,high,F
Vickie,Walker,2023-06-18,low,M
Yasmine,Treutel,2023-09-15,high,M
Alexandria,Leffler,2023-10-17,low,F